id,storage_capacity,cpu_cores,cpu_clock,ram_capacity,touch_screen,screen_size,screen_refresh,battery_capacity,year,dedicated_gpu,rating,price,used,ram_type_DDR3,ram_type_DDR4,ram_type_DDR5,ram_type_LPDDR4,ram_type_LPDDR5,fair_price
150,512,8,4.5,16,False,16.0,60,38,2026.0,False,5.0,629.99,False,False,True,False,False,False,712.33
149,2000,12,3.8,64,False,14.0,60,45,2025.0,False,4.3,1959.95,False,False,False,True,False,False,1874.62
148,2000,12,1.3,64,False,14.0,60,45,2025.0,False,0.0,1749.95,False,False,False,True,False,False,1724.18
147,1000,12,3.8,64,False,14.0,60,45,2025.0,False,0.0,1859.95,False,False,False,True,False,False,1790.2
146,1000,12,1.3,64,False,14.0,60,45,2025.0,False,0.0,1599.95,False,False,False,True,False,False,1636.38
145,1000,12,1.3,64,False,14.0,60,45,2025.0,False,0.0,1619.95,False,False,False,True,False,False,1636.38
144,512,12,3.3,32,True,14.0,60,45,2025.0,False,0.0,1349.95,False,False,False,True,False,False,1372.1
143,512,12,1.7,32,False,14.0,60,45,2025.0,False,5.0,1349.95,False,False,False,True,False,False,1318.75
142,512,12,1.3,32,False,14.0,60,45,2025.0,False,0.0,1159.95,False,False,False,True,False,False,1228.82
141,1000,12,3.3,32,True,14.0,60,45,2025.0,False,0.0,1449.95,False,False,False,True,False,False,1435.5
140,1000,12,1.7,32,False,14.0,60,45,2025.0,False,4.2,1439.95,False,False,False,True,False,False,1390.85
139,1000,12,1.3,32,False,14.0,60,45,2025.0,False,5.0,1245.95,False,False,False,True,False,False,1255.98
138,1000,12,1.3,32,False,14.0,60,45,2025.0,False,4.5,1209.95,False,False,False,True,False,False,1243.59
137,512,12,3.3,16,True,14.0,60,45,2025.0,False,0.0,1129.95,False,False,False,True,False,False,1088.49
136,512,12,3.5,16,False,14.0,60,45,2025.0,False,5.0,1149.95,False,False,False,True,False,False,1105.24
135,512,12,1.3,16,False,14.0,60,45,2025.0,False,0.0,998.95,False,False,False,True,False,False,1017.16
134,512,12,3.5,16,False,14.0,60,45,,False,4.3,959.95,False,False,False,True,False,False,1012.42
133,64,2,1.1,4,True,14.0,60,46,2025.0,False,4.3,299.0,False,False,True,False,False,False,261.66
132,512,8,2.6,8,True,14.0,60,46,2025.0,False,4.3,449.0,False,False,True,False,False,False,433.83
131,256,5,1.6,8,True,15.6,60,46,2024.0,False,4.3,379.99,False,False,False,True,False,False,371.2
130,1000,8,4.5,24,False,15.6,60,38,2024.0,False,4.3,698.88,False,False,True,False,False,False,692.04
129,512,8,4.5,16,False,15.6,60,38,2024.0,False,4.3,578.0,False,False,True,False,False,False,542.93
128,1000,8,4.5,16,False,15.6,60,38,2024.0,False,4.3,639.0,False,False,True,False,False,False,656.39
127,2000,8,4.5,40,False,15.6,60,38,2024.0,False,4.3,899.0,False,False,True,False,False,False,850.1
126,1000,8,4.5,40,False,15.6,60,38,2024.0,False,4.3,799.0,False,False,True,False,False,False,784.11
125,1000,8,3.8,32,False,16.0,180,65,2025.0,True,4.1,1199.99,False,False,False,True,False,False,1115.68
124,1000,8,3.5,8,False,15.4,60,66,2023.0,False,4.4,966.9,True,False,True,False,False,False,865.21
123,256,8,3.5,8,False,15.0,60,66,2023.0,False,4.4,729.0,True,False,False,True,False,False,644.86
122,1000,12,4.3,16,True,15.0,120,66,2024.0,False,4.2,1248.0,False,False,False,False,False,True,1213.59
121,256,12,4.3,16,True,15.0,120,66,2024.0,False,4.2,938.0,False,False,False,True,False,False,1040.36
120,1000,12,4.3,16,True,15.0,120,66,2024.0,False,4.2,1111.12,False,False,False,True,False,False,1143.41
119,1000,12,4.3,32,True,15.0,120,66,2024.0,False,4.2,1498.0,False,False,False,True,False,False,1484.45
118,128,4,4.1,8,False,15.6,60,48,2023.0,False,4.2,299.9,False,False,False,True,False,False,321.09
117,512,10,1.6,16,False,15.6,60,50,2020.0,False,5.0,381.52,True,False,True,False,False,False,517.37
116,128,4,0.0,4,False,15.6,60,40,2026.0,False,5.0,299.99,False,False,True,False,False,False,326.07
115,1000,24,5.4,32,False,16.0,240,90,2025.0,True,4.4,2399.99,False,False,False,True,False,False,2653.06
114,1000,24,5.4,32,False,16.0,240,90,2025.0,True,4.4,2899.99,False,False,False,True,False,False,2653.06
113,1000,16,5.2,16,False,16.0,165,90,2025.0,True,4.4,1399.99,False,False,False,True,False,False,1716.03
112,512,4,4.3,16,False,17.3,60,41,2025.0,False,4.4,477.15,False,False,False,False,False,True,472.48
111,64,2,1.1,4,False,15.6,60,47,2025.0,False,4.4,239.0,False,False,True,False,False,False,245.03
110,512,8,3.8,8,True,14.0,60,47,2024.0,False,4.4,399.0,False,False,False,True,False,False,433.81
109,64,2,1.1,4,False,11.6,60,47,2024.0,False,4.4,209.0,False,False,True,False,False,False,200.31
108,64,2,2.8,4,False,15.6,60,48,2022.0,False,4.4,165.0,False,False,True,False,False,False,183.85
107,512,8,4.6,8,False,15.6,165,57,2025.0,True,4.5,649.99,False,False,False,True,False,False,600.26
106,512,8,3.2,16,False,13.3,60,50,2020.0,False,4.2,569.0,True,True,False,False,False,False,572.02
105,1000,8,3.2,16,False,13.3,60,50,2020.0,False,4.2,1195.0,True,True,False,False,False,False,1047.01
104,512,8,3.2,8,False,13.3,60,50,2020.0,False,4.2,499.0,True,True,False,False,False,False,475.77
103,1000,8,3.2,8,False,13.3,60,50,2020.0,False,4.2,949.0,True,True,False,False,False,False,770.31
102,1000,8,3.2,8,False,13.3,60,50,2020.0,False,4.2,519.0,True,True,False,False,False,False,770.31
101,256,8,3.2,8,False,13.3,60,50,2020.0,False,4.2,389.0,True,True,False,False,False,False,427.01
100,512,8,4.5,8,False,15.6,60,41,2025.0,False,4.5,419.99,False,False,True,False,False,False,465.85
99,512,4,4.3,8,True,15.6,60,41,2025.0,False,4.5,450.37,False,False,False,True,False,False,446.62
98,256,4,4.1,8,True,15.6,60,41,2025.0,False,4.5,433.09,False,False,False,True,False,False,419.74
97,128,4,4.1,8,True,15.6,60,41,2025.0,False,4.5,369.99,False,False,False,True,False,False,369.95
96,128,4,4.1,8,False,15.6,60,42,2024.0,False,4.3,276.0,False,False,False,False,False,True,304.85
95,64,8,2.0,4,True,14.0,60,47,2023.0,False,4.3,188.98,False,False,True,False,False,False,239.8
94,128,4,3.6,8,False,14.0,60,41,2025.0,False,4.3,419.0,False,False,True,False,False,False,389.86
93,128,4,3.6,16,False,14.0,60,41,2025.0,False,4.3,296.1,False,False,True,False,False,False,330.57
92,256,4,1.1,8,True,11.6,60,40,2018.0,False,4.1,184.99,True,False,True,False,False,False,212.36
91,128,4,1.1,8,True,11.6,60,40,2018.0,False,4.1,174.99,True,False,True,False,False,False,192.46
90,384,2,1.1,4,True,14.0,60,42,2025.0,False,4.1,299.99,False,False,True,False,False,False,295.26
89,256,2,1.1,4,True,14.0,60,42,2025.0,False,4.1,279.48,False,False,True,False,False,False,282.49
88,64,2,1.1,4,True,14.0,60,42,2025.0,False,4.1,199.0,False,False,True,False,False,False,225.77
87,128,4,3.3,8,True,14.0,60,50,2024.0,False,4.5,379.99,False,False,True,False,False,False,371.46
86,128,2,1.1,4,True,14.0,60,50,2025.0,False,4.5,279.99,False,False,True,False,False,False,283.34
85,32,2,1.1,4,False,11.6,60,42,2018.0,False,4.1,50.0,True,False,True,False,False,False,68.91
84,16,2,1.1,4,True,11.6,60,35,2018.0,False,4.1,82.0,True,False,True,False,False,False,78.54
83,16,2,1.1,4,False,11.6,60,31,2016.0,False,4.1,65.0,True,False,True,False,False,False,70.72
82,64,2,1.1,8,False,15.6,60,45,2023.0,False,4.3,154.69,False,False,True,False,False,False,208.87
81,512,4,2.0,32,False,13.3,60,58,2020.0,False,3.9,499.0,True,False,True,False,False,False,498.86
80,1000,4,2.0,32,True,13.3,60,58,2020.0,False,3.9,549.0,True,False,True,False,False,False,616.42
79,512,4,2.0,16,False,13.3,60,58,2020.0,False,3.9,399.0,True,False,True,False,False,False,417.69
78,256,4,1.4,16,False,13.3,60,58,2020.0,False,3.9,399.56,True,False,True,False,False,False,384.83
77,1000,4,1.4,16,False,13.3,60,58,2020.0,False,3.9,479.0,True,True,False,False,False,False,608.05
76,512,4,1.4,8,False,13.3,60,58,2020.0,False,3.9,369.0,True,True,False,False,False,False,375.65
75,256,4,1.4,8,False,13.3,60,58,2020.0,False,3.9,325.0,True,True,False,False,False,False,340.8
74,512,10,4.0,16,True,13.0,60,48,2024.0,False,4.5,918.0,False,False,False,False,True,False,909.29
73,256,10,4.0,16,True,13.0,60,48,2024.0,False,4.5,965.99,False,False,False,False,False,True,950.57
72,512,12,3.4,16,True,13.0,60,48,2024.0,False,4.5,1049.99,False,False,False,True,False,False,1041.56
71,256,12,4.3,16,True,13.0,60,48,2024.0,False,4.5,1149.99,False,False,False,False,False,True,1103.16
70,1000,12,4.3,16,True,13.0,60,48,2024.0,False,4.5,999.0,False,False,False,True,False,False,1030.84
69,1000,12,4.3,32,True,13.0,60,48,2024.0,False,4.5,1549.99,False,False,False,False,True,False,1471.55
68,1000,16,4.5,48,False,16.2,120,100,2024.0,False,4.7,3599.99,False,False,False,False,False,True,3385.45
67,1000,14,4.5,36,False,16.2,120,100,2024.0,False,4.7,3499.0,False,False,False,False,False,True,3147.88
66,512,14,4.5,24,False,16.2,120,100,2024.0,False,4.7,2239.0,False,False,False,False,False,True,2495.34
65,1000,14,4.5,24,False,14.2,120,72,2024.0,False,4.8,2099.0,False,False,False,False,False,True,2162.16
64,512,12,4.5,24,False,14.2,120,72,2024.0,False,4.8,1749.0,False,False,False,False,False,True,1733.66
63,128,8,3.2,8,False,13.3,60,50,2020.0,False,4.0,391.4,True,False,True,False,False,False,389.87
62,1000,10,4.6,24,False,14.2,120,72,2025.0,False,4.7,1849.0,False,False,False,False,False,True,1740.11
61,512,10,4.6,16,False,14.2,120,72,2025.0,False,4.7,1449.0,False,False,False,False,False,True,1428.34
60,1000,10,4.6,16,False,14.2,120,72,2025.0,False,4.7,1627.89,False,False,False,False,False,True,1506.08
59,320,4,1.1,16,False,14.0,60,40,2025.0,False,4.3,399.99,False,False,True,False,False,False,385.66
58,64,4,1.1,16,False,14.0,60,40,2025.0,False,4.3,399.99,False,False,True,False,False,False,356.29
57,128,4,1.1,16,False,14.0,60,40,2025.0,False,4.3,359.1,False,False,True,False,False,False,365.64
56,128,4,3.2,16,False,15.6,60,40,2023.0,False,4.3,449.99,False,False,True,False,False,False,397.59
55,128,4,1.1,8,False,15.6,60,40,2025.0,False,4.3,399.99,False,False,True,False,False,False,350.02
54,128,4,1.1,8,False,15.6,60,40,2025.0,False,4.3,298.83,False,False,True,False,False,False,350.02
53,1000,8,4.6,16,False,15.6,60,38,2024.0,False,4.5,569.0,False,False,True,False,False,False,608.5
52,2000,8,4.6,16,False,15.6,60,38,2024.0,False,4.5,829.0,False,False,True,False,False,False,746.22
51,512,8,4.6,16,False,15.6,60,38,2024.0,False,4.5,441.0,False,False,True,False,False,False,486.3
50,128,4,3.6,16,False,14.0,60,41,2025.0,False,4.2,305.1,False,False,True,False,False,False,323.15
49,64,4,1.1,4,True,14.0,60,47,2022.0,False,4.3,163.85,False,False,True,False,False,False,199.11
48,64,2,2.8,4,False,14.0,60,41,2021.0,False,4.1,172.89,False,False,True,False,False,False,178.83
47,512,10,4.4,24,False,15.3,60,54,2025.0,False,4.8,1399.0,False,False,False,False,False,True,1369.32
46,512,10,4.4,16,False,15.3,60,54,2025.0,False,4.8,1199.0,False,False,False,False,False,True,1109.58
45,256,10,4.4,16,False,15.3,60,54,2025.0,False,4.8,999.0,False,False,False,False,False,True,990.31
44,512,10,4.4,24,False,13.6,60,54,2025.0,False,4.8,1199.0,False,False,False,False,False,True,1312.05
43,512,10,4.4,16,False,13.6,60,54,2025.0,False,4.8,999.0,False,False,False,False,False,True,987.85
42,256,10,4.4,16,False,13.6,60,54,2025.0,False,4.8,799.0,False,False,False,False,False,True,855.36
41,2000,12,1.3,64,True,17.3,60,41,2025.0,False,5.0,1399.0,False,False,False,True,False,False,1380.23
40,2000,12,1.3,32,True,17.3,60,41,2025.0,False,5.0,1059.0,False,False,False,True,False,False,1077.09
39,1000,12,1.3,32,True,17.3,60,41,2025.0,False,5.0,949.0,False,False,False,True,False,False,1003.47
38,1000,12,1.3,16,True,17.3,60,41,2025.0,False,5.0,799.0,False,False,False,True,False,False,819.13
37,4000,10,5.4,64,False,17.3,60,41,2025.0,False,5.0,1499.99,False,False,True,False,False,False,1359.21
36,2000,10,5.4,64,False,17.3,60,41,2025.0,False,5.0,1159.0,False,False,True,False,False,False,1191.68
35,1000,10,5.4,64,False,17.3,60,41,2025.0,False,5.0,1049.99,False,False,True,False,False,False,1133.56
34,2000,10,5.4,32,False,17.3,60,41,2025.0,False,5.0,999.0,False,False,True,False,False,False,998.32
33,1000,10,5.4,32,False,17.3,60,41,2025.0,False,5.0,899.0,False,False,True,False,False,False,925.35
32,2000,10,5.4,16,False,17.3,60,41,2025.0,False,5.0,979.99,False,False,True,False,False,False,923.76
31,1000,10,5.4,16,False,17.3,60,41,2025.0,False,5.0,861.51,False,False,True,False,False,False,858.32
30,2000,10,5.0,40,True,15.6,60,42,2025.0,False,5.0,953.99,False,False,True,False,False,False,963.28
29,1000,10,5.0,24,True,15.6,60,42,2025.0,False,5.0,779.99,False,False,True,False,False,False,834.74
28,512,10,5.0,16,True,15.6,60,42,2025.0,False,5.0,745.99,False,False,True,False,False,False,726.51
27,1000,4,4.6,32,True,15.6,60,41,2025.0,False,4.8,789.0,False,False,True,False,False,False,754.92
26,512,4,4.6,16,True,15.6,60,41,2025.0,False,4.8,579.0,False,False,True,False,False,False,560.38
25,256,4,4.6,16,True,15.6,60,41,2025.0,False,4.8,529.0,False,False,True,False,False,False,518.7
24,1000,4,4.6,16,True,15.6,60,41,2025.0,False,4.8,689.0,False,False,True,False,False,False,670.93
23,256,4,4.6,8,True,15.6,60,41,2025.0,False,4.8,460.0,False,False,True,False,False,False,467.96
22,512,8,4.5,16,False,15.6,60,41,2026.0,False,5.0,979.99,False,False,True,False,False,False,847.09
21,4000,14,2.5,64,False,17.3,480,87,2024.0,True,4.2,2599.99,False,False,False,True,False,False,2608.95
20,4000,10,2.5,64,False,16.0,120,96,2025.0,True,4.2,2199.99,False,False,False,True,False,False,2025.57
19,2000,14,2.5,64,False,17.3,480,87,2023.0,True,4.2,2499.99,False,False,False,True,False,False,2572.02
18,1000,10,2.5,32,False,16.0,120,96,2025.0,True,4.2,1399.99,False,False,False,True,False,False,1510.62
17,1000,10,2.5,16,False,16.0,120,96,2025.0,True,4.2,1149.99,False,False,False,True,False,False,1086.02
16,2000,10,2.5,64,False,16.0,120,96,2025.0,True,4.2,1899.99,False,False,False,True,False,False,1887.46
15,1000,10,2.5,32,False,16.0,120,80,2024.0,True,5.0,1269.0,False,False,False,True,False,False,1339.93
14,1000,10,2.5,16,False,16.0,120,96,2025.0,True,4.5,899.0,False,False,False,True,False,False,983.61
13,512,10,1.4,16,False,16.0,60,41,2025.0,False,4.6,549.99,False,False,False,True,False,False,585.42
12,1000,10,1.8,16,False,16.0,60,54,2025.0,False,4.6,629.99,False,False,False,True,False,False,677.08
11,1,10,4.6,16,True,15.6,60,42,2025.0,False,0.0,669.99,False,False,True,False,False,False,627.51
10,1000,10,4.6,16,True,15.6,60,42,2025.0,False,0.0,549.99,False,False,True,False,False,False,638.39
9,512,10,4.6,12,True,15.6,60,42,2025.0,False,0.0,519.99,False,False,True,False,False,False,560.59
8,512,10,3.7,16,False,15.6,120,54,2025.0,False,4.4,589.98,False,False,False,True,False,False,603.38
7,512,4,2.8,8,False,15.6,120,41,2025.0,True,4.4,369.99,False,False,False,False,False,True,385.82
6,512,5,4.5,8,False,15.6,120,41,2025.0,False,4.4,345.0,False,False,True,False,False,False,379.37
5,512,6,4.7,8,False,15.6,120,41,2025.0,False,4.4,299.99,False,False,True,False,False,False,352.94
4,512,10,4.6,16,False,15.6,120,41,2025.0,False,4.4,529.99,False,False,True,False,False,False,561.69
3,640,4,3.7,32,False,15.6,60,42,2025.0,False,4.0,499.98,False,False,True,False,False,False,524.03
2,384,4,3.7,8,False,15.6,60,42,2025.0,False,4.0,419.98,False,False,True,False,False,False,411.68
1,640,4,3.7,16,False,15.6,60,42,2025.0,False,4.0,449.98,False,False,True,False,False,False,449.63
