"id","asin","title","model_number","model_name","brand","storage_capacity","cpu","cpu_cores","cpu_clock","ram_type","ram_capacity","touch_screen","screen_size","screen_width","screen_height","screen_refresh","battery_capacity","year","dedicated_gpu","gpu","rating","price","used"
63,B09WQ36NF1,"Late 2020 Apple MacBook Air with Apple M1 Chip (13.3 inch, 8GB RAM, 128GB SSD) Space Gray (Renewed)",MGND3LL/A,Macbook Air,‎Apple,128,Apple M1,8,3.2,DDR4,8,false,13.3,2560,1600,60,50,2020,false,Apple M1 Graphics,4.0,391.4,true
85,B099FK2DMZ,"Dell Chromebook 3100 - 11.6"""" - Celeron N4020 - 4 GB RAM - 32 GB eMMC, Black (Renewed)",‎G4YY1,Chromebook 3100,‎Dell,32,Intel Celeron N4020,2,1.1,‎DDR4,4,false,11.6,1366,768,60,42,2018,false,‎Intel HD Graphics 400,4.1,50.0,true
86,B0DZZVLF6N,"ASUS Chromebook Flip CX1 Convertible Laptop, 14"" FHD NanoEdge 360-degree Touchscreen, Intel Celeron N4500 Processor, 128GB eMMC Storage, 8GB RAM, ChromeOS, Transparent Silver, CX1400FKA-AS88FT",‎CX1400FKA-AS88FT,Chromebook,‎ASUS,128,Intel Celeron N4500,2,1.1,‎DDR4 ,4,true,14.0,1920,1080,60,50,2025,false,Intel HD Graphics,4.5,279.99,false
87,B0CRD2YLLC,"ASUS Chromebook Flip CX1 Convertible Laptop, 14"" FHD NanoEdge 360-degree Touchscreen, 128GB eMMC Storage, 8GB RAM, ChromeOS, Transparent Silver, CX1400FKA-AS88F",‎Chromebook Flip CX1,Chromebook,‎ASUS,128,Intel Pentium N6000,4,3.3,‎DDR4 ,8,true,14.0,1920,1080,60,50,2024,false,‎Intel UHD Graphics,4.5,379.99,false
88,B09S3HNMHF,"Samsung 14"" Galaxy Chromebook Go Laptop PC Computer, Intel Celeron N4500 Processor, 4GB RAM, 64GB Storage, ChromeOS, XE340XDA-KA2US, Student Laptop, Silver",‎XE340XDA-KA2US,Samsung Galaxy Chromebook,‎Samsung,64,Intel Celeron N4500,2,1.1,‎DDR4 ,4,true,14.0,1366,768,60,42,2025,false,‎Intel UHD Graphics,4.1,199.0,false
89,B0G2M3CGCY,"Samsung Galaxy Chromebook Go Laptop (14"" LED, Intel Celeron N4500, 256GB Storage (128GB eMMC + 128GB SD Card)) Home & Student, 12-Hr Long Battery, Spill-Resistant, Webcam, Wi-Fi 6, IST HUB, Chrome OS",‎Galaxy Chromebook Go XE340XDA,Samsung Galaxy Chromebook,‎Samsung,256,Intel Celeron N4500,2,1.1,‎DDR4 ,4,true,14.0,1366,768,60,42,2025,false,‎Intel UHD Graphics,4.1,279.48,false
90,B0G4WBD45V,"Samsung Galaxy Chromebook Go Laptop (14"" LED, Intel Celeron N4500, 384GB Storage (128GB eMMC + 256GB SD Card)) Home & Student, 12-Hr Long Battery, Spill-Resistant, Webcam, Wi-Fi 6, IST HUB, Chrome OS",‎Galaxy Chromebook Go XE340XDA,Samsung Galaxy Chromebook,‎Samsung,384,Intel Celeron N4500,2,1.1,‎DDR4 ,4,true,14.0,1366,768,60,42,2025,false,‎Intel UHD Graphics,4.1,299.99,false
7,B0FCTFGTPY,"Dell 15 Laptop DC15255-15.6-inch FHD 120Hz Display, AMD Ryzen 5-7520U, 8GB LPDDR5 RAM, 512GB SSD, AMD Radeon 610M Graphics, Windows 11 Home, Onsite Service - Carbon Black",DC15255,Dell 15,Dell,512,AMD Ryzen 5 7520U,4,2.8,LPDDR5,8,false,15.6,1920,1080,120,41,2025,true,AMD Radeon 610M,4.4,369.99,false
6,B0FGQRCZL3,"Dell Inspiron 3530 Laptop - 15.6-inch FHD (1920x1080) Display, Intel Core i3-1305U Processor, 8GB DDR4 RAM, 512GB SSD, Intel UHD Graphics, Windows 11 Home, Onsite Service - Carbon Black","1234",Inspiron 15 3530,Dell,512,Intel Core i3-1305U,5,4.5,DDR4,8,false,15.6,1920,1080,120,41,2025,false,Intel UHD Graphics,4.4,345.0,false
5,B09R6FNNS1,"Dell 15 Laptop DC15250-15.6-inch FHD 120Hz Display, Intel Core 3 Processor 100U Processor, 8GB DDR4 RAM, 512GB SSD, Intel UHD Graphics, Windows 11 Home, Onsite Service - Carbon Black",DC15250,Dell 15,Dell,512,Intel Core 3 100U,6,4.7,DDR4,8,false,15.6,1920,1080,120,41,2025,false,Intel UHD Graphics,4.4,299.99,false
4,B0F167PYK7,"Dell 15 Laptop DC15250-15.6-inch FHD (1920x1080) 120Hz Display, Intel Core i5-1334U Processor, 16GB DDR4 RAM, 512GB SSD, Intel UHD Graphics, Windows 11 Home, Onsite Service - Platinum Silver",DC15250,Dell 15,Dell,512,Intel Core i5 1334U,10,4.6,DDR4,16,false,15.6,1920,1080,120,41,2025,false,Intel UHD Graphics,4.4,529.99,false
13,B0FBGTN83S,"Dell 16 Laptop DC16250-16.0-inch 16:10 FHD+ Touch Display, Intel Core 5 120U Processor, 16GB DDR5 RAM, 512GB SSD, Intel Graphics, Windows 11 Home, 1 Year Basic Onsite Service - Carbon Black",DC16250,Dell 16,Dell,512,Intel Core 5 120U,10,1.4,DDR5,16,false,16.0,1920,1200,60,41,2025,false,Intel Graphics,4.6,549.99,false
75,B08FG7S7G7,"Apple MacBook Pro (13-inch, 8GB RAM, 256GB SSD Storage, Magic Keyboard) - Space Gray (Renewed)",MXK32LL/A,MXK32LL/A,‎Apple,256,Intel Core i5 8257U,4,1.4,‎DDR3,8,false,13.3,1680,1050,60,58,2020,false,Intel Iris Plus 645,3.9,325.0,true
91,B0FZF1HQF3,"Dell Latitude 3190 11.6"" HD 2-in-1 Touchscreen Laptop Intel N5030 1.1Ghz 8GB Ram 128GB SSD Windows 11 Professional (Renewed)",‎Latitude 3190,‎Latitude 3190,‎Dell,128,Intel Celeron N5030,4,1.1,DDR4,8,true,11.6,1920,1080,60,40,2018,false,Intel UHD Graphics,4.1,174.99,true
92,B0FXNJF2CV,"Dell Latitude 3190 11.6"" HD 2-in-1 Touchscreen Laptop Intel N5030 1.1Ghz 8GB Ram 256GB SSD Windows 11 Professional (Renewed)",‎Latitude 3190,Latitude 3190,‎Dell,256,Intel Celeron N5030,4,1.1,DDR4,8,true,11.6,1920,1080,60,40,2018,false,Intel UHD Graphics,4.1,184.99,true
93,B0FXHP6Y9F,"HP Ultrabook 14 Laptop Computer Business Study & Home 2025, Lifetime MS Office + Windows 11 Pro, Quad-Core Intel CPU, 16GB RAM & 628GB Storage (128GB UFS+500GB Ext), WiFi 6, HubxcelAccessory, Lavender",‎HP 2025 Premium 14 Laptop,HP 2025 Premium 14 Laptop,‎HP,128,Intel N150,4,3.6,‎DDR4 ,16,false,14.0,1366,768,60,41,2025,false,‎Intel Graphics,4.3,296.1,false
94,B0FXHN5JKF,"HP Ultrabook 14 Laptop Computer Business Study & Home 2025, Lifetime MS Office + Windows 11 Pro, Quad-Core Intel CPU, 8GB RAM & 628GB Storage (128GB UFS+500GB Ext), Wi-Fi 6, HubxcelAccessory, Lavender",‎HP 2025 Premium 14 Laptop,‎HP 2025 Premium 14 Laptop,‎HP,128,Intel N150,4,3.6,DDR4,8,false,14.0,1366,768,60,41,2025,false,‎Intel Graphics,4.3,419.0,false
76,B08HM4BC6L,"2020 Apple MacBook Pro with 1.4 GHZ, Intel Core i5 (MXK52LLA, 13 Inches, 8GB RAM, 512GB SSD, Magic Keyboard) - Space Gray (Renewed)",MXK52LL/A,Macbook Pro,‎Apple,512,Intel Core i5 8257U,4,1.4,‎DDR3,8,false,13.3,2560,1600,60,58,2020,false,‎Intel Iris Plus 645,3.9,369.0,true
95,B0CBJ46QZX,"Lenovo Flagship Chromebook, 14'' FHD Touchscreen Slim Thin Light Laptop Computer, 8-Core MediaTek Kompanio 520 Processor, 4GB RAM, 64GB eMMC, WiFi 6,Chrome OS, Abyss Blue",‎Newest Flagship Lenovo Chromebook,Newest Flagship Lenovo Chromebook,‎Lenovo,64,MediaTek Cortex Kompanio 520,8,2.0,‎DDR4 ,4,true,14.0,1920,1080,60,47,2023,false,‎ARM Mali,4.3,188.98,false
96,B0CWHYV27D,"ASUS Vivobook Go 15.6” FHD Slim Laptop, AMD Ryzen 3 7320U Quad Core Processor, 8GB DDR5 RAM, 128GB SSD, Windows 11 Home, Fast Charging, Webcam Sheild, Military Grade Durability, Black, E1504FA-AS33",E1504FA-AS33,Vivobook Go,‎ASUS,128,AMD Ryzen 3 7320U,4,4.1,LP‎DDR5,8,false,15.6,1920,1080,60,42,2024,false,‎AMD Ryzen 3 7320U,4.3,276.0,false
97,B0DZQCTH92,"HP 15.6 inch Laptop, HD Touchscreen Display, AMD Ryzen 3 7320U, 8 GB RAM, 128 GB SSD, AMD Radeon Graphics, Windows 11 Home in S Mode, Natural Silver, 15- fc0099nr","15-fc0099nr",‎HP Laptop ,‎HP,128,AMD Ryzen 3 7320U,4,4.1,‎DDR5,8,true,15.6,1366,768,60,41,2025,false,AMD Ryzen 3 7320U,4.5,369.99,false
98,B0DWMLHYJ5,"HP 15.6 inch Laptop, HD Touchscreen Display, AMD Ryzen 3 7320U, 8 GB RAM, 256 GB SSD, AMD Radeon Graphics, Windows 11 Home, Natural Silver, 15-fc0399nr","15-fc0399nr",‎HP Laptop ,‎HP,256,AMD Ryzen 3 7320U,4,4.1,DDR5,8,true,15.6,1366,768,60,41,2025,false,AMD Ryzen 3 7320U,4.5,433.09,false
99,B0DWPKQ3LH,"HP 15.6 inch Laptop, HD Touchscreen Display, AMD Ryzen 5 7520U, 8 GB RAM, 512 GB SSD, AMD Radeon Graphics, Windows 11 Home, Natural Silver, 15-fc0499nr","15-fc0499nr",‎HP Laptop ,‎HP,512,AMD Ryzen 5 7520U,4,4.3,DDR5,8,true,15.6,1366,768,60,41,2025,false,AMD Ryzen 5 7520U,4.5,450.37,false
100,B0F1X5PTR5,"HP 15.6 inch Laptop, FHD Display, AMD Ryzen 7 5825U, 8 GB RAM, 512 GB SSD, AMD Radeon Graphics, Windows 11 Home, Natural Silver, 15-fc0502nr","15-fc0502nr",‎HP Laptop ,‎HP,512,AMD Ryzen 7 5825U,8,4.5,‎DDR4,8,false,15.6,1920,1080,60,41,2025,false,AMD Ryzen 7 5825U,4.5,419.99,false
101,B08PNQTYV2,"Apple MacBook Air Late 2020 with Apple M1 Chip (13.3 inch, 8GB RAM, 256GB SSD) Space Gray (Renewed)",‎MacBook Air,Air,‎Apple,256,Apple M1,8,3.2,DDR3,8,false,13.3,2560,1600,60,50,2020,false,‎Apple M1 Graphics,4.2,389.0,true
102,B0CD9NBZJR,"Apple 2020 MacBook Air with Apple M1 Chip with 7-core CPU (13.3-inch, 8GB RAM, 1TB SSD Storage)(QWERTY English) Space Gray (Renewed)",MGN63LL1TB8GB7C,‎MacBook Air,‎Apple,1000,Apple M1,8,3.2,DDR3,8,false,13.3,2048,1536,60,50,2020,false,Apple M1 Graphics,4.2,519.0,true
103,B0CD2Y7N6P,"Apple 2020 MacBook Air with Apple M1 Chip, 13-inch, 8GB RAM, 1TB SSD Storage, Silver (Renewed)",MGN93LL1TB8GB7C,Macbook Air,‎Apple,1000,Apple M1,8,3.2,‎DDR3 ,8,false,13.3,2560,1600,60,50,2020,false,Apple M1 Graphics,4.2,949.0,true
104,B08VGS2H3L,"2020 Apple MacBook Air with Apple M1 Chip 8-Core GPU (13-inch, 8GB RAM, 512GB SSD) Silver (Renewed)",‎MGNA3LL/A,Macbook Air,‎Apple,512,Apple M1,8,3.2,‎DDR3,8,false,13.3,2560,1600,60,50,2020,false,Apple M1 Graphics,4.2,499.0,true
105,B0DF6QBHZS,"2020 Apple MacBook Air with Apple M1 chip, 13-inch, 16GB RAM, 1TB SSD Storage (QWERTY English) Silver (Renewed)",‎MacBook Air,Air,‎Apple,1000,Apple M1,8,3.2,‎DDR3 ,16,false,13.3,2048,1536,60,50,2020,false,Apple M1 Graphics,4.2,1195.0,true
106,B09V6CTRHX,"Late 2020 Apple MacBook Air with Apple M1 Chip (13.3 inches Retina, 16GB Memory, 512GB SSD) Silver (Renewed)",MGN63LL/A,Macbook Air,‎Apple,512,Apple M1,8,3.2,‎DDR3 ,16,false,13.3,2560,1600,60,50,2020,false,Apple M1 Graphics,4.2,569.0,true
77,B08HY5QNTJ,"Apple 2020 MacBook Pro with 2.0GHz Intel Core i5 (13-inch, 16GB RAM, 1TB SSD Storage) - Space Gray (Renewed)",‎MWP52LL/A,Macbook Pro,‎Apple,1000,Intel Core i5 8257U,4,1.4,‎DDR3,16,false,13.3,2560,1600,60,58,2020,false,‎Intel Iris Plus 645,3.9,479.0,true
12,B0FR8FSWSM,"Dell 16 Laptop DC16251-16.0-inch 16:10 FHD+ Display, Intel Core 7 150U, 16GB DDR5 RAM, 1TB SSD, Intel Graphics, Windows 11 Home, Onsite Service - Platinum Silver",DC16251,Dell 16,Dell,1000,Intel Core 7 150U,10,1.8,DDR5,16,false,16.0,1920,1200,60,54,2025,false,Intel Graphics,4.6,629.99,false
11,B0G6G75Z7N,"Lenovo IdeaPad Laptop Computer, 15.6"" FHD IPS Touchscreen Laptop, Intel Core i5 10-Core, 16GB RAM 1.5TB Storage (1TB SSD+512GB Docking Station Set), Win 11 Home, SageNova Earphones, Abyss Blue","15",Lenovo 15,Lenovo,1,Intel Core i5,10,4.6,DDR4,16,true,15.6,1920,1080,60,42,2025,false,Intel Iris Xe Graphics,0.0,669.99,false
10,B0G6FX1NLY,"Lenovo IdeaPad Laptop Computer, 15.6"" FHD IPS Touchscreen Laptop, Intel Core i5 10-Core, 16GB RAM 1TB Storage (512GB SSD+512GB Docking Station Set), Win 11 Home, SageNova Earphones, Abyss Blue","15",Lenovo 15,Lenovo,1000,Intel Core i5,10,4.6,DDR4,16,true,15.6,1920,1080,60,42,2025,false,Intel Iris Xe Graphics,0.0,549.99,false
58,B0G13HGF79,"HP 16GB RAM Slim & Powerful Laptop – 1-Year Free Microsoft 365, Fast Intel Core, 1.1TB Storage (64GB SSD with 64GB External and 1TB Cloud Storage) - Win 11 w/o Earbuds (Rose Gold)",HP 14,HP Laptop,‎HP,64,Intel Celeron N4120,4,1.1,‎DDR4,16,false,14.0,1366,768,60,40,2025,false,‎Intel UHD Graphics,4.3,399.99,false
9,B0G6FN6PV2,"Lenovo IdeaPad Laptop Computer, 15.6"" FHD IPS Touchscreen Laptop, Intel Core i5 10-Core, 12GB RAM 512GB Storage (256GB SSD+256GB Docking Station Set), Win 11 Home, SageNova Earphones, Abyss Blue","15",Lenovo 15,Lenovo,512,Intel Core i5,10,4.6,DDR4,12,true,15.6,1920,1080,60,42,2025,false,Intel Iris Xe Graphics,0.0,519.99,false
8,B0G11WY59L,"Dell 15 Laptop DC15250-15.6-inch FHD 120Hz Display, 13th Gen Intel Core i7-1355U, 16GB DDR5 RAM, 512GB SSD, Intel UHD Graphics, Windows 11 Home, 1 Year Basic Onsite Service - Platinum Silver",DC15250,Dell 15,Dell,512,Intel Core i7 1355U,10,3.7,DDR5,16,false,15.6,1920,1080,120,54,2025,false,Intel UHD Graphics,4.4,589.98,false
3,B0F9ZX13N1,"HP 15.6"" LED Laptop Computer, 32GB RAM 640GB Storage (128GB UFS+512GB Docking Set), Quad-Cores Intel Pentium, Windows 11 S with 1-Year Microsoft Office 365 Included, PLUSERA Earphones, Moonlight Blue",HP 15,HP Laptops,HP,640,Intel N200,4,3.7,DDR4,32,false,15.6,1366,768,60,42,2025,false,Intel UHD Graphics 600,4.0,499.98,false
2,B0FB14Y9RN,"HP 15.6"" LED Laptop Computer, Quad-Cores Intel Pentium, Windows 11 S with 1-Year Microsoft Office 365 Included, PLUSERA Earphones (Moonlight Blue, 8GB RAM | 384GB Storage)",HP 15,HP Laptops,HP,384,Intel N200,4,3.7,DDR4,8,false,15.6,1366,768,60,42,2025,false,Intel UHD Graphics 600,4.0,419.98,false
1,B0F9ZZDP8M,"HP 15.6"" LED Laptop Computer, 16GB RAM 640GB Storage (128GB UFS+512GB Docking Set), Quad-Cores Intel Pentium, Windows 11 S with 1-Year Microsoft Office 365 Included, PLUSERA Earphones, Moonlight Blue",HP 15,HP Laptops,HP,640,Intel N200,4,3.7,DDR4,16,false,15.6,1366,768,60,42,2025,false,Intel UHD Graphics 600,4.0,449.98,false
14,B0BXFKXG6N,"Alienware 16 Aurora Gaming Laptop AC16250-16"" WQXGA 120Hz Display, Intel Core 7-240H Processor, 16GB DDR5 RAM, 1TB SSD, NVIDIA GeForce RTX 5050 8GB Graphics, Windows 11 Home, Onsite Service - Blue",AC16250,Alienware 16 Aurora,Alienware,1000,Intel Core 7 240H,10,2.5,DDR5,16,false,16.0,2560,1600,120,96,2025,true,NVIDIA GeForce RTX 5050,4.5,899.0,false
16,B0DDT3X3GD,"Alienware 16 Aurora Gaming Laptop (16"" QHD+ 120Hz, Intel 10-Core 7 240H, 64GB DDR5 RAM, 2TB SSD, NVIDIA GeForce RTX 5050 8GB), White Backlit Keyboard, Wi-Fi 7, Ethernet, Webcam, Windows 11 Home",‎Alienware 16 Aurora,Alienware 16 Aurora,Alienware,2000,Intel Core 7 240H,10,2.5,DDR5,64,false,16.0,2560,1600,120,96,2025,true,‎NVIDIA GeForce RTX 5050,4.2,1899.99,false
15,B0FFTJPBMS,"Dell Alienware 16 Aurora Gaming Laptop, Intel 7-240H, 32 GB DDR5 RAM, 1 TB PCIe SSD, 16"" WQXGA (2560x1600) 120Hz Display, Nvidia G-Force RTX 5060, Backlit Keyboard, W11 Home, Blue",AC16250,Alienware 16 Aurora,‎Alienware,1000,Intel Core 7 240H,10,2.5,DDR5,32,false,16.0,2560,1600,120,80,2024,true,NVIDIA GeForce RTX 5060,5.0,1269.0,false
17,B0G58JSZZ7,"Alienware 16 Aurora Gaming Laptop w/ Headset (16"" QHD+ 120Hz, Intel 10-Core 7 240H, 16GB DDR5 RAM, 1TB SSD, NVIDIA GeForce RTX 5050 8GB), White Backlit Keyboard, Wi-Fi 7, Ethernet, Webcam, Win 11 Home",‎Alienware 16 Aurora,Alienware 16 Aurora,Alienware,1000,Intel Core 7 240H,10,2.5,‎DDR5,16,false,16.0,2560,1600,120,96,2025,true,‎NVIDIA GeForce RTX 5050,4.2,1149.99,false
18,B0FSQFB4RY,"Alienware 16 Aurora Gaming Laptop (16"" QHD+ 120Hz, Intel 10-Core 7 240H, 32GB DDR5 RAM, 1TB SSD, NVIDIA GeForce RTX 5050 8GB), White Backlit Keyboard, Wi-Fi 7, Ethernet, Webcam, Windows 11 Home",AC16250,‎Alienware 16 Aurora,Alienware,1000,Intel Core 7 240H,10,2.5,DDR5,32,false,16.0,2560,1600,120,96,2025,true,‎NVIDIA GeForce RTX 5050,4.2,1399.99,false
19,B0CJV5WC96,"Alienware X17 R2 Gaming Laptop (17.3"" 480Hz FHD, Intel 12th Gen Core i9-12900H, 64GB DDR5 RAM, 2TB SSD, NVIDIA GeForce RTX 3070 Ti 8GB) RGB Backlit Keyboard, Wi-Fi 6E, Thunderbolt 4, Win 11 Home",‎x17 R2,x17 R2,Alienware,2000,Intel Core i9 12900H,14,2.5,DDR5,64,false,17.3,1920,1080,480,87,2023,true,‎NVIDIA GeForce RTX 3070 Ti,4.2,2499.99,false
20,B0G4G6NC16,"Alienware 16 Aurora Gaming Laptop (16"" QHD+ 120Hz, Intel 10-Core 7 240H, 64GB DDR5 RAM, 4TB SSD, NVIDIA GeForce RTX 5050 8GB), White Backlit Keyboard, Wi-Fi 7, Ethernet, Webcam, Windows 11 Home",‎Alienware 16 Aurora,Alienware 16 Aurora,‎Alienware,4000,Intel Core 7 240H,10,2.5,DDR5,64,false,16.0,2560,1600,120,96,2025,true,‎NVIDIA GeForce RTX 5050,4.2,2199.99,false
21,B0D45493K8,"Alienware X17 R2 Gaming Laptop (17.3"" 480Hz FHD, NVIDIA GeForce RTX 3070 Ti 8GB, 64GB DDR5 RAM, 4TB SSD, Intel Core i9-12900H) RGB Backlit Keyboard, Wi-Fi 6E, Thunderbolt 4, G-SYNC, Win 11 Home",‎m17 R2,m17 R2,Alienware,4000,Intel Core i9 12900H,14,2.5,DDR5,64,false,17.3,1920,1080,480,87,2024,true,‎NVIDIA GeForce RTX 3070 Ti,4.2,2599.99,false
22,B0GDWDH9F7,"HP 255 G10 Business and Study Laptop 2026 Updated, 15.6"" FHD, AMD Ryzen 7 7730U (16GB RAM | 512GB SSD), Numeric Keypad, Webcam, Windows 11 Pro+ Copilot AI with Patented Laptop KB Kit,Pack of 25",‎HP 255 G10,HP 255 G10,‎HP,512,AMD Ryzen 7 7730U,8,4.5,‎DDR4,16,false,15.6,1920,1080,60,41,2026,false,AMD Radeon Graphics,5.0,979.99,false
24,B0G5S4X9T9,"HP 15.6"" FHD Touch Laptop, Intel i5, 16GB RAM, 1TB SSD, Windows 11 Pro, Wi-Fi 6, Flagship Business Laptop Bundle with Docking Station – Natural Silver",‎DW,DW,‎HP,1000,Intel Core i5 1334U,4,4.6,DDR4,16,true,15.6,1920,1080,60,41,2025,false,Intel UHD Graphics,4.8,689.0,false
23,B0G5S8D4TH,"HP 15.6"" FHD Touch Laptop, Intel i5, 8GB RAM, 256GB SSD, Windows 11 Pro, Wi-Fi 6, Flagship Business Laptop Bundle with Docking Station – Natural Silver",‎DW,DW,‎HP,256,Intel Core i5 1334U,4,4.6,‎DDR4,8,true,15.6,1920,1080,60,41,2025,false,Intel UHD Graphics,4.8,460.0,false
25,B0G5S5S3QH,"HP 15.6"" FHD Touch Laptop, Intel i5, 16GB RAM, 256GB SSD, Windows 11 Pro, Wi-Fi 6, Flagship Business Laptop Bundle with Docking Station – Natural Silver",‎DW,DW,‎HP,256,Intel Core i5 1334U,4,4.6,DDR4,16,true,15.6,1920,1080,60,41,2025,false,Intel UHD Graphics,4.8,529.0,false
26,B0G5S1HQ5W,"HP 15.6"" FHD Touch Laptop, Intel i5, 16GB RAM, 512GB SSD, Windows 11 Pro, Wi-Fi 6, Flagship Business Laptop Bundle with Docking Station – Natural Silver",‎DW,DW,‎HP,512,Intel Core i5 1334U,4,4.6,DDR4,16,true,15.6,1920,1080,60,41,2025,false,Intel UHD Graphics,4.8,579.0,false
27,B0G5RZP9SX,"HP 15.6"" FHD Touch Laptop, Intel i5, 32GB RAM, 1TB SSD, Windows 11 Pro, Wi-Fi 6, Flagship Business Laptop Bundle with Docking Station – Natural Silver",‎DW,DW,‎HP,1000,Intel Core i5 1334U,4,4.6,DDR4,32,true,15.6,1920,1080,60,41,2025,false,Intel UHD Graphics,4.8,789.0,false
28,B0FXBTJ9VK,"ASUS Vivobook 15.6"" Touchscreen Business Laptop Computer, Intel Core i7-1355U 10-Core Processor, 16GB RAM 512GB SSD, Windows 11 Laptop, Intel Iris Xe Graphics, Backlit Keyboard, NLY Earphones, Silver",‎ASUS,Vivobook,‎ASUS,512,Intel Core i7 1355U,10,5.0,DDR4,16,true,15.6,1920,1080,60,42,2025,false,‎Intel Iris Xe Graphics,5.0,745.99,false
29,B0FXBWBBF1,"ASUS Vivobook 15.6"" Touchscreen Business Laptop Computer, Intel Core i7-1355U 10-Core Processor, 24GB RAM 1TB SSD, Windows 11 Laptop, Intel Iris Xe Graphics, Backlit Keyboard, NLY Earphones, Silver",‎ASUS,Vivobook,‎ASUS,1000,Intel Core i7 1355U,10,5.0,DDR4,24,true,15.6,1920,1080,60,42,2025,false,‎Intel Iris Xe Graphics,5.0,779.99,false
30,B0FXBX63MK,"ASUS Vivobook 15.6"" Touchscreen Business Laptop Computer, Intel Core i7-1355U 10-Core Processor, 40GB RAM 2TB SSD, Windows 11 Laptop, Intel Iris Xe Graphics, Backlit Keyboard, NLY Earphones, Silver",‎ASUS,Vivobook,‎ASUS,2000,Intel Core i7 1355U,10,5.0,DDR4,40,true,15.6,1920,1080,60,42,2025,false,‎Intel Iris Xe Graphics,5.0,953.99,false
31,B0G1V2Z275,"HP Essential 2025 Laptop, 17.3"" FHD, CORE 7 (Beats i7 1355), 16GB RAM, 1TB SSD, FP Reader, Backlit KB, Webcam, Wi-Fi 6, Windows 11 Home, Silver, Bundle with PCO Laptop Cooler",‎TPN-I139,HP Essential,‎HP,1000,Intel Core i7 150U,10,5.4,DDR4,16,false,17.3,1920,1080,60,41,2025,false,‎Intel Integrated Graphics,5.0,861.51,false
32,B0DWXBQQGD,"HP Essential 2025 Laptop, 17.3"" FHD, CORE 7 (Beats i7 1355), 16GB RAM, 2TB SSD, FP Reader, Backlit KB, Webcam, Wi-Fi 6, Windows 11 Home, Silver, Bundle with PCO Laptop Cooler",‎TPN-I139,HP Essential,‎HP,2000,Intel Core i7 150U,10,5.4,DDR4,16,false,17.3,1920,1080,60,41,2025,false,‎Intel Integrated Graphics,5.0,979.99,false
34,B0DWX3XQTK,"HP Essential 2025 Laptop, 17.3"" FHD, CORE 7 (Beats i7 1355), 32GB RAM, 2TB SSD, FP Reader, Backlit KB, Webcam, Wi-Fi 6, Windows 11 Home, Silver, Bundle with PCO Laptop Cooler",‎TPN-I139,HP Essential,‎HP,2000,Intel Core i7 150U,10,5.4,DDR4,32,false,17.3,1920,1080,60,41,2025,false,‎Intel Integrated Graphics,5.0,999.0,false
36,B0DWXFDRBJ,"HP Essential 2025 Laptop, 17.3"" FHD, CORE 7 (Beats i7 1355), 64GB RAM, 2TB SSD, FP Reader, Backlit KB, Webcam, Wi-Fi 6, Windows 11 Home, Silver, Bundle with PCO Laptop Cooler",‎TPN-I139,HP Essential,‎HP,2000,Intel Core i7 150U,10,5.4,DDR4,64,false,17.3,1920,1080,60,41,2025,false,‎Intel Integrated Graphics,5.0,1159.0,false
35,B0DWX9KSXL,"HP Essential 2025 Laptop, 17.3"" FHD, CORE 7 (Beats i7 1355), 64GB RAM, 1TB SSD, FP Reader, Backlit KB, Webcam, Wi-Fi 6, Windows 11 Home, Silver, Bundle with PCO Laptop Cooler",‎TPN-I139,HP Essential,‎HP,1000,Intel Core i7 150U,10,5.4,‎DDR4,64,false,17.3,1920,1080,60,41,2025,false,‎Intel Integrated Graphics,5.0,1049.99,false
33,B0DWX618KN,"HP Essential 2025 Laptop, 17.3"" FHD, CORE 7 (Beats i7 1355), 32GB RAM, 1TB SSD, FP Reader, Backlit KB, Webcam, Wi-Fi 6, Windows 11 Home, Silver, Bundle with PCO Laptop Cooler",‎TPN-I139,HP Essential,‎HP,1000,Intel Core i7 150U,10,5.4,‎DDR4 SDRAM,32,false,17.3,1920,1080,60,41,2025,false,‎Intel Integrated Graphics,5.0,899.0,false
37,B0DWX7RBJG,"HP Essential 2025 Laptop, 17.3"" FHD, CORE 7 (Beats i7 1355), 64GB RAM, 4TB SSD, FP Reader, Backlit KB, Webcam, Wi-Fi 6, Windows 11 Home, Silver, Bundle with PCO Laptop Cooler",‎TPN-I139,HP Essential,‎HP,4000,Intel Core i7 150U,10,5.4,DDR4,64,false,17.3,1920,1080,60,41,2025,false,‎Intel Integrated Graphics,5.0,1499.99,false
38,B0GFG1Q22G,"HP Business Laptop, 17.3"" Touchscreen, Intel Core Ultra 5 225U (> i7-1355U) for Multitasking, 16GB DDR5, 1TB SSD, Fingerprint, Backlit KB, Win11 Home, Silver, Bundle with PCO Laptop Cooler",‎‎‎‎‎‎TPN-I139_B3ER6AV_45W,HP Business,‎HP,1000,Intel Core Ultra 5 225U,12,1.3,DDR5,16,true,17.3,1600,900,60,41,2025,false,‎Intel Integrated Graphics,5.0,799.0,false
39,B0GFFX2DF4,"HP Business Laptop, 17.3"" Touchscreen, Intel Core Ultra 5 225U (> i7-1355U) for Multitasking, 32GB DDR5, 1TB SSD, Fingerprint, Backlit KB, Win11 Home, Silver, Bundle with PCO Laptop Cooler",‎‎‎‎‎‎TPN-I139_B3ER6AV_45W,HP Business,‎HP,1000,Intel Core Ultra 5 225U,12,1.3,DDR5,32,true,17.3,1600,900,60,41,2025,false,‎Intel Integrated Graphics,5.0,949.0,false
40,B0GFFVCTG3,"HP Business Laptop, 17.3"" Touchscreen, Intel Core Ultra 5 225U (> i7-1355U) for Multitasking, 32GB DDR5, 2TB SSD, Fingerprint, Backlit KB, Win11 Home, Silver, Bundle with PCO Laptop Cooler",‎‎‎‎‎‎TPN-I139_B3ER6AV_45W,HP Business,‎HP,2000,Intel Core Ultra 5 225U,12,1.3,DDR5,32,true,17.3,1600,900,60,41,2025,false,‎Intel Integrated Graphics,5.0,1059.0,false
41,B0GFG3YZQK,"HP Business Laptop, 17.3"" Touchscreen, Intel Core Ultra 5 225U (> i7-1355U) for Multitasking, 64GB DDR5, 2TB SSD, Fingerprint, Backlit KB, Win11 Home, Silver, Bundle with PCO Laptop Cooler",‎‎‎‎‎‎TPN-I139_B3ER6AV_45W,HP Business,‎HP,2000,Intel Core Ultra 5 225U,12,1.3,DDR5,64,true,17.3,1600,900,60,41,2025,false,‎Intel Integrated Graphics,5.0,1399.0,false
42,B0DZD9S5GC,"Apple 2025 MacBook Air 13-inch Laptop with M4 chip: Built for Apple Intelligence, 13.6-inch Liquid Retina Display, 16GB Unified Memory, 256GB SSD Storage, 12MP Center Stage Camera, Touch ID; Midnight",‎MW123LL/A,Macbook Air,Apple,256,Apple M4,10,4.4,LPDDR5,16,false,13.6,2560,1664,60,54,2025,false,Apple M4 Graphics,4.8,799.0,false
43,B0DZD96R5S,"Apple 2025 MacBook Air 13-inch Laptop with M4 chip: Built for Apple Intelligence, 13.6-inch Liquid Retina Display, 16GB Unified Memory, 512GB SSD Storage, 12MP Center Stage Camera, Touch ID; Midnight",‎MW133LL/A,Macbook Air,Apple,512,Apple M4,10,4.4,LPDDR5,16,false,13.6,2560,1664,60,54,2025,false,Apple M4 Graphics,4.8,999.0,false
44,B0DZDBHQPQ,"Apple 2025 MacBook Air 13-inch Laptop with M4 chip: Built for Apple Intelligence, 13.6-inch Liquid Retina Display, 24GB Unified Memory, 512GB SSD Storage, 12MP Center Stage Camera, Touch ID; Midnight",MC6C4LL/A,Macbook Air,Apple,512,Apple M4,10,4.4,LPDDR5,24,false,13.6,2560,1664,60,54,2025,false,Apple M4 Graphics,4.8,1199.0,false
45,B0DZDBDCFH,"Apple 2025 MacBook Air 15-inch Laptop with M4 chip: Built for Apple Intelligence, 15.3-inch Liquid Retina Display, 16GB Unified Memory, 256GB SSD Storage, 12MP Center Stage Camera, Touch ID; Midnight",‎MW1L3LL/A,Macbook Air,Apple,256,Apple M4,10,4.4,LPDDR5,16,false,15.3,2880,1864,60,54,2025,false,Apple M4 Graphics,4.8,999.0,false
46,B0DZD9VLQ4,"Apple 2025 MacBook Air 15-inch Laptop with M4 chip: Built for Apple Intelligence, 15.3-inch Liquid Retina Display, 16GB Unified Memory, 512GB SSD Storage, 12MP Center Stage Camera, Touch ID; Midnight",‎MW1M3LL/A,Macbook Air,Apple,512,Apple M4,10,4.4,LPDDR5,16,false,15.3,2880,1864,60,54,2025,false,Apple M4 Graphics,4.8,1199.0,false
47,B0DZD8V9HW,"Apple 2025 MacBook Air 15-inch Laptop with M4 chip: Built for Apple Intelligence, 15.3-inch Liquid Retina Display, 24GB Unified Memory, 512GB SSD Storage, 12MP Center Stage Camera, Touch ID; Midnight",‎MC6L4LL/A,Macbook Air,Apple,512,Apple M4,10,4.4,LPDDR5,24,false,15.3,2880,1864,60,54,2025,false,Apple M4 Graphics,4.8,1399.0,false
48,B0947BJ67M,"HP 14 Laptop, Intel Celeron N4020, 4 GB RAM, 64 GB Storage, 14-inch Micro-edge HD Display, Windows 11 Home, Thin & Portable, 4K Graphics, One Year of Microsoft 365 (14-dq0040nr, Snowflake White)",‎14-dq0040nr,HP 14,‎HP,64,Intel Celeron N4020,2,2.8,‎DDR4,4,false,14.0,1366,768,60,41,2021,false,‎Intel UHD Graphics,4.1,172.89,false
49,B09SVSBVP1,"HP Chromebook 14 Laptop, Intel Celeron N4120, 4 GB RAM, 64 GB eMMC, 14"" HD Display, Chrome OS, Thin Design, 4K Graphics, Long Battery Life, Ash Gray Keyboard (14a-na0226nr, 2022, Mineral Silver)",‎Chromebook 14a-na0226nr,HP Chromebook 14,‎HP,64,Intel Celeron N4120,4,1.1,‎DDR4,4,true,14.0,1366,768,60,47,2022,false,‎Intel UHD Graphics 600,4.3,163.85,false
50,B0FJ7LTNRP,"HP 14"" Laptop 2025 Business Student Slim Computer, Lifetime MS Office, Copilot AI, Quad-Core Intel CPU, 16GB RAM, 628GB Storage (128GB UFS+500GB Ext), MarxsolAccessory, Wi-Fi 6, Win 11 Pro, Silver",‎HP 2025 Flagship 14 Laptop,HP Business,‎HP,128,Intel N150,4,3.6,‎DDR4 ,16,false,14.0,1366,768,60,41,2025,false,‎Intel Graphics,4.2,305.1,false
51,B0D1YQJKY2,"Lenovo V15 Gen 4 Business Laptop, 15.6"" FHD Display, Intel Core i5-13420H (Beat i7-1355U), HDMI, RJ45, Webcam, Numeric Keypad, Wi-Fi, Windows 11 Pro, Black (16GB RAM | 512GB SSD)",‎Lenovo V15 G4 IRU,Lenovo V15,‎Lenovo,512,Intel Core i5 13420H,8,4.6,‎DDR4 ,16,false,15.6,1920,1080,60,38,2024,false,‎Intel UHD Graphics,4.5,441.0,false
52,B0D1Z1PYB3,"Lenovo V15 Gen 4 Business Laptop, 15.6"" FHD Display, Intel Core i5-13420H (Beat i7-1355U), HDMI, RJ45, Webcam, Numeric Keypad, Wi-Fi, Windows 11 Pro, Black (16GB RAM | 2TB SSD)",‎Lenovo V15 G4 IRU,Lenovo V15,‎Lenovo,2000,Intel Core i5 13420H,8,4.6,‎DDR4 ,16,false,15.6,1920,1080,60,38,2024,false,‎Intel UHD Graphics,4.5,829.0,false
53,B0D1YZJRK9,"Lenovo V15 Gen 4 Business Laptop, 15.6"" FHD Display, Intel Core i5-13420H (Beat i7-1355U), HDMI, RJ45, Webcam, Numeric Keypad, Wi-Fi, Windows 11 Pro, Black (16GB RAM | 1TB SSD)",‎Lenovo V15 G4 IRU,Lenovo V15,‎Lenovo,1000,Intel Core i5 13420H,8,4.6,‎DDR4 ,16,false,15.6,1920,1080,60,38,2024,false,‎Intel UHD Graphics,4.5,569.0,false
54,B0G228KLHV,"HP 15.6"" Laptop with Microsoft 365-1.1TB Storage - 8GB Memory - Intel Inside | Anti-Glare Display, 128GB SSD and 1TB Cloud Storage, 4-Cores CPU, Fast Charge and 12hrs Battery, no Mouse",HP 15,HP Laptop,‎HP,128,Intel Celeron N4120,4,1.1,‎DDR4 ,8,false,15.6,1366,768,60,40,2025,false,‎Intel UHD Graphics,4.3,298.83,false
55,B0G57SF9MW,"HP 15.6"" Laptop with Microsoft 365-8GB Memory - 1.1TB Storage - Intel Inside | Anti-Glare Display, 128GB SSD and 1TB Cloud Storage, 4-Cores CPU, Fast Charge and 12hrs Battery, no Mouse, Black","15",HP Laptop,‎HP,128,Intel Celeron N100,4,1.1,‎DDR4 ,8,false,15.6,1368,768,60,40,2025,false,‎Intel UHD Graphics,4.3,399.99,false
56,B0CKYS9Z41,"HP Essential 15 Laptop, 16GB RAM, 640GB(128GB SSD+512GB USB), 15.6"" Anti-Glare Display, Intel Quad-Core Processor, Office 365 1-Year, Upto 11hrs Battery, Type-C, Fast Charging, Win11S, JVQ mp",‎HP 15,HP Essential 15,‎HP,128,Intel Pentium N200,4,3.2,‎DDR4 ,16,false,15.6,1280,720,60,40,2023,false,‎Intel UHD Graphics,4.3,449.99,false
57,B0G1ZBCDXW,"HP 15.6"" Laptop with Microsoft 365-1.1TB Storage - 16GB Memory - Intel Inside | Anti-Glare Display, 128GB SSD and 1TB Cloud Storage, 4-Cores CPU, Fast Charge and 12hrs Battery, no Mouse, Red",HP 15,HP Laptop,‎HP,128,Intel N100,4,1.1,‎DDR4 ,16,false,14.0,1368,768,60,40,2025,false,‎Intel UHD Graphics,4.3,359.1,false
59,B0FS7WBH99,"HP Go-to Laptop with Microsoft 365 - Intel Core - 1.3TB Storage - 8GB Memeory | Micro-Edge Display, 1TB Cloud and 320GB SSD Storage, Fast Charge, 11 Hours of Battery Life w/o Mouse",HP 14,Hp Laptop,‎HP,320,Intel Celeron N4120,4,1.1,‎DDR4 ,16,false,14.0,1366,768,60,40,2025,false,‎Intel UHD Graphics,4.3,399.99,false
60,B0FWD623D1,"Apple 2025 MacBook Pro Laptop with M5 chip with 10‑core CPU and 10‑core GPU: Built for Apple Intelligence, 14.2-inch Liquid Retina XDR Display, 16GB Unified Memory, 1TB SSD Storage; Space Black",‎MDE14LL/A,Macbook Pro,Apple,1000,Apple M5,10,4.6,LPDDR5,16,false,14.2,3024,1964,120,72,2025,false,Apple M5 Graphics,4.7,1627.89,false
61,B0FWD6SKL6,"Apple 2025 MacBook Pro Laptop with M5 chip with 10‑core CPU and 10‑core GPU: Built for Apple Intelligence, 14.2-inch Liquid Retina XDR Display, 16GB Unified Memory, 512GB SSD Storage; Space Black",‎MDE04LL/A,Macbook Pro,Apple,512,Apple M5,10,4.6,LPDDR5,16,false,14.2,3024,1964,120,72,2025,false,Apple M5 Graphics,4.7,1449.0,false
62,B0FWD726XF,"Apple 2025 MacBook Pro Laptop with M5 chip with 10‑core CPU and 10‑core GPU: Built for Apple Intelligence, 14.2-inch Liquid Retina XDR Display, 24GB Unified Memory, 1TB SSD Storage; Space Black",‎MDE34LL/A,Macbook Pro,Apple,1000,Apple M5,10,4.6,LPDDR5,24,false,14.2,3024,1964,120,72,2025,false,Apple M5 Graphics,4.7,1849.0,false
64,B0DLHY2BJ6,"Apple 2024 MacBook Pro Laptop with M4 Pro, 12-core CPU, 16-core GPU: Built for Apple Intelligence, 14.2-inch Liquid Retina XDR Display, 24GB Unified Memory, 512GB SSD Storage; Space Black",‎MX2H3LL/A,Macbook Pro,Apple,512,Apple M4 Pro,12,4.5,LPDDR5,24,false,14.2,3024,1964,120,72,2024,false,Apple M4 Pro Graphics,4.8,1749.0,false
65,B0DLHBGBW3,"Apple 2024 MacBook Pro Laptop with M4 Pro, 14‑core CPU, 20‑core GPU: Built for Apple Intelligence, 14.2-inch Liquid Retina XDR Display, 24GB Unified Memory, 1TB SSD Storage; Space Black",‎MX2J3LL/A,Macbook Pro,Apple,1000,Apple M4 Pro,14,4.5,LPDDR5,24,false,14.2,3024,1964,120,72,2024,false,Apple M4 Pro Graphics,4.8,2099.0,false
66,B0DLHDCN6P,"Apple 2024 MacBook Pro Laptop with M4 Pro, 14‑core CPU, 20‑core GPU: Built for Apple Intelligence, 16.2-inch Liquid Retina XDR Display, 24GB Unified Memory, 512GB SSD Storage; Space Black",‎MX2X3LL/A,Macbook Pro,Apple,512,Apple M4 Pro,14,4.5,LPDDR5,24,false,16.2,3456,2234,120,100,2024,false,Apple M4 Pro Graphics,4.7,2239.0,false
67,B0DLHMYX53,"Apple 2024 MacBook Pro Laptop with M4 Max, 14‑core CPU, 32‑core GPU: Built for Apple Intelligence, 16.2-inch Liquid Retina XDR Display, 36GB Unified Memory, 1TB SSD Storage; Space Black",‎MX303LL/A,Macbook Pro,Apple,1000,Apple M4 Max,14,4.5,LPDDR5,36,false,16.2,3456,2234,120,100,2024,false,Apple M4 Max Graphics,4.7,3499.0,false
68,B0DLHDW2D9,"Apple 2024 MacBook Pro Laptop with M4 Max, 16‑core CPU, 40‑core GPU: Built for Apple Intelligence, 16.2-inch Liquid Retina XDR Display, 48GB Unified Memory, 1TB SSD Storage; Space Black",‎MX313LL/A,Macbook Pro,Apple,1000,Apple M4 Max,16,4.5,LPDDR5,48,false,16.2,3456,2234,120,100,2024,false,Apple M4 Max Graphics,4.7,3599.99,false
69,B0CXL7B6XJ,"Microsoft Surface Pro 2-in-1 Laptop/Tablet (2024), Windows 11 Copilot+ PC, 13"" Touchscreen OLED Display, Snapdragon X Elite (12 Core), 32GB RAM, 1TB Storage, Platinum",ZID-00001,Surface Pro,‎Microsoft,1000,Snapdragon X Elite,12,4.3,LPDDR4,32,true,13.0,2560,1600,60,48,2024,false,‎Adreno,4.5,1549.99,false
70,B0CXLB631H,"Microsoft Surface Pro 2-in-1 Laptop/Tablet (2024), Windows 11 Copilot+ PC, 13"" Touchscreen OLED Display, Snapdragon X Elite (12 Core), 16GB RAM, 1TB Storage, Platinum",‎ZIB-00001,‎Surface Pro,‎Microsoft,1000,Snapdragon X Elite,12,4.3,DDR5,16,true,13.0,2880,1920,60,48,2024,false,‎Adreno,4.5,999.0,false
71,B0CXKXNNPX,"Microsoft Surface Pro 2-in-1 Laptop/Tablet (2024), Windows 11 Copilot+ PC, 13"" Touchscreen OLED Display, Snapdragon X Elite (12 Core), 16GB RAM, 256GB Storage, Black, Amazon Exclusive",EP2-05006,‎Surface Pro,‎Microsoft,256,Snapdragon X Elite,12,4.3,‎LPDDR5,16,true,13.0,2560,1600,60,48,2024,false,‎ARM Mali T604,4.5,1149.99,false
72,B0CXLBL7LV,"Microsoft Surface Pro 2-in-1 Laptop/Tablet (2024), 13"" OLED Touchscreen Display, 16GB RAM, 512GB Storage | Windows 11 Copilot+ PC, Snapdragon X Elite (12 Core), Black",‎Surface Pro,ZIA-00018,‎Microsoft,512,Snapdragon X Elite,12,3.4,‎DDR5,16,true,13.0,2880,1920,60,48,2024,false,Snapdragon X Elite Graphics,4.5,1049.99,false
73,B0CXL5272V,"Microsoft Surface Pro 2-in-1 Laptop/Tablet (2024), Windows 11 Copilot+ PC, 13"" Touchscreen Display, Snapdragon X Plus (10 Core), 16GB RAM, 256GB Storage, Platinum",ZHX-00001,Surface Pro,‎Microsoft,256,Snapdragon X Plus,10,4.0,‎LPDDR5,16,true,13.0,2560,1600,60,48,2024,false,‎Adreno,4.5,965.99,false
74,B0CXKTL1SK,"Microsoft Surface Pro 2-in-1 Laptop/Tablet (2024), Windows 11 Copilot+ PC, 13"" Touchscreen Display, Snapdragon X Plus (10 Core), 16GB RAM, 512GB Storage, Platinum",ZHY-00001,Surface Pro,‎Microsoft,512,Snapdragon X Plus,10,4.0,LPDDR4,16,true,13.0,2560,1600,60,48,2024,false,‎Adreno,4.5,918.0,false
79,B08HHNXW8Y,"Apple 2020 MacBook Pro with 2.0GHz Intel Core i5, 13-inch, 16GB RAM, 512GB SSD Storage - Space Gray (Renewed)",MWP42LL/A,Macbook Pro,‎Apple,512,Intel Core i5 8257U,4,2.0,‎DDR4,16,false,13.3,2560,1600,60,58,2020,false,Intel Iris Plus 645,3.9,399.0,true
78,B0D7SZGWBQ,"2020 Apple MacBook Pro with 1.4GHz Intel Core i5 (13-inch, 16GB RAM, 256GB SSD Storage) Space Gray (QWERTY English)",‎MacBook Pro,‎MacBook Pro,‎Apple,256,Intel Core i5 8257U,4,1.4,‎DDR4,16,false,13.3,2560,1600,60,58,2020,false,‎Intel Iris Plus 645,3.9,399.56,true
80,B09Z1XSX87,"Apple Mid 2020 MacBook Pro Touch Bar with 2.0GHz Intel Core i5, 13-inch, 32GB RAM, 1TB SSD, Space Gray (Renewed)",MWP52LL/A32,‎MacBook Pro,‎Apple,1000,Intel Core i5 8257U,4,2.0,DDR4,32,true,13.3,2560,1600,60,58,2020,false,‎Intel Iris Plus 645,3.9,549.0,true
81,B09FV8D6N1,"Apple 2020 MacBook Pro with 2.0GHz Intel Core i5 (13-inch, 32GB RAM, 512GB SSD Storage) (QWERTY English) Space Gray (Renewed)",MWP42LL/A,‎MacBook Pro,‎Apple,512,Intel Core i5 8257U,4,2.0,DDR4,32,false,13.3,2560,1600,60,58,2020,false,‎Intel Iris Plus 645,3.9,499.0,true
82,B0BSJ46KY9,"Lenovo IdeaPad 3i Chromebook, 15.6” FHD Display, Intel Celeron N4500, 8GB RAM, 64GB eMMC, 1920x1080 px, 720p Camera, Chrome OS, Abyss Blue","82N4003CUS‎",IdeaPad 3i,‎Lenovo,64,Intel Celeron N4500,2,1.1,‎DDR4,8,false,15.6,1920,1080,60,45,2023,false,‎Intel HD Graphics,4.3,154.69,false
83,B08SHN3TZP,"Dell Chromebook 11 3100 11.6"" Chromebook - 1366 x 768 - Celeron N4020-4 GB RAM - 16 GB Flash Memory - Chrome OS - Intel HD Graphics - English (US) Keyboard - Bluetooth (Renewed)",‎Dell 3100,Chromebook,‎Dell,16,Intel Celeron N4020,2,1.1,‎DDR4,4,false,11.6,1366,768,60,31,2016,false,‎Intel,4.1,65.0,true
84,B08FPH8GP9,"Dell Chromebook 11 3100 11.6"""" Touchscreen Chromebook - HD - 1366 x 768 - Celeron - 4GB RAM - 32GB Flash Memory, Black (Renewed)",‎Dell 3100,Chromebook,‎Dell,16,Intel Celeron N4020,2,1.1,‎DDR4,4,true,11.6,1366,768,60,35,2018,false,‎Intel,4.1,82.0,true
